{
    "workingData": {
        "enabled": true,
        "domain": "",
        "subdomain": "phan.bookmark.com",
        "protectedPages": {
            "index": "Basic Z21haWw6MjQ0MjA4NDI="
        },
        "hideFromRobots": [],
        "hash": "163186315000066144416e00234"
    },
    "lastSyncedData": {
        "enabled": true,
        "domain": "",
        "subdomain": "phan.bookmark.com",
        "protectedPages": {
            "index": "Basic Z21haWw6MjQ0MjA4NDI="
        },
        "hideFromRobots": [],
        "hash": "163186315000066144416e00234"
    }
}